na_item,Geopolitical entity (reporting),TIME_PERIOD,OBS_VALUE
B1GQ,Albania,1998,2330.5
B1GQ,Albania,1999,3086.0
B1GQ,Albania,2000,3893.5
B1GQ,Albania,2001,4539.0
B1GQ,Albania,2002,4789.5
B1GQ,Albania,2003,5095.7
B1GQ,Albania,2004,5956.3
B1GQ,Albania,2005,6639.8
B1GQ,Albania,2006,7293.6
B1GQ,Albania,2007,8131.4
B1GQ,Albania,2008,9058.0
B1GQ,Albania,2009,8871.8
B1GQ,Albania,2010,9117.0
B1GQ,Albania,2011,9328.0
B1GQ,Albania,2012,9528.7
B1GQ,Albania,2013,9641.0
B1GQ,Albania,2014,10020.0
B1GQ,Albania,2015,10339.2
B1GQ,Albania,2016,10835.1
B1GQ,Albania,2017,11770.8
B1GQ,Albania,2018,13016.9
B1GQ,Albania,2019,13917.9
B1GQ,Albania,2020,13379.5
B1GQ,Albania,2021,15243.1
B1GQ,Albania,2022,18068.1
B1GQ,Albania,2023,21730.5
B1GQ,Albania,2024,25000.7
B1GQ,Austria,1998,193947.0
B1GQ,Austria,1999,203064.9
B1GQ,Austria,2000,212406.8
B1GQ,Austria,2001,219373.3
B1GQ,Austria,2002,225087.9
B1GQ,Austria,2003,230541.9
B1GQ,Austria,2004,240541.7
B1GQ,Austria,2005,252354.9
B1GQ,Austria,2006,265933.7
B1GQ,Austria,2007,282208.2
B1GQ,Austria,2008,291846.2
B1GQ,Austria,2009,286274.1
B1GQ,Austria,2010,294050.6
B1GQ,Austria,2011,308167.0
B1GQ,Austria,2012,316589.4
B1GQ,Austria,2013,321191.7
B1GQ,Austria,2014,330113.5
B1GQ,Austria,2015,342083.5
B1GQ,Austria,2016,355665.6
B1GQ,Austria,2017,367294.9
B1GQ,Austria,2018,383234.3
B1GQ,Austria,2019,395706.8
B1GQ,Austria,2020,380317.9
B1GQ,Austria,2021,406231.5
B1GQ,Austria,2022,449382.2
B1GQ,Austria,2023,477837.3
B1GQ,Austria,2024,494087.6
B1GQ,Bosnia and Herzegovina,2000,6043.3
B1GQ,Bosnia and Herzegovina,2001,6482.2
B1GQ,Bosnia and Herzegovina,2002,7149.1
B1GQ,Bosnia and Herzegovina,2003,7530.3
B1GQ,Bosnia and Herzegovina,2004,8179.7
B1GQ,Bosnia and Herzegovina,2005,9024.5
B1GQ,Bosnia and Herzegovina,2006,10255.1
B1GQ,Bosnia and Herzegovina,2007,11528.5
B1GQ,Bosnia and Herzegovina,2008,13047.8
B1GQ,Bosnia and Herzegovina,2009,12679.3
B1GQ,Bosnia and Herzegovina,2010,12968.9
B1GQ,Bosnia and Herzegovina,2011,13411.8
B1GQ,Bosnia and Herzegovina,2012,13407.5
B1GQ,Bosnia and Herzegovina,2013,13691.8
B1GQ,Bosnia and Herzegovina,2014,13988.3
B1GQ,Bosnia and Herzegovina,2015,14791.1
B1GQ,Bosnia and Herzegovina,2016,15474.3
B1GQ,Bosnia and Herzegovina,2017,16260.5
B1GQ,Bosnia and Herzegovina,2018,17354.2
B1GQ,Bosnia and Herzegovina,2019,18296.5
B1GQ,Bosnia and Herzegovina,2020,17755.9
B1GQ,Bosnia and Herzegovina,2021,20014.7
B1GQ,Bosnia and Herzegovina,2022,23324.1
B1GQ,Bosnia and Herzegovina,2023,25523.8
B1GQ,Bosnia and Herzegovina,2024,26194.8
B1GQ,Belgium,1998,231015.7
B1GQ,Belgium,1999,242307.6
B1GQ,Belgium,2000,256376.4
B1GQ,Belgium,2001,264334.9
B1GQ,Belgium,2002,273255.9
B1GQ,Belgium,2003,281200.2
B1GQ,Belgium,2004,296819.7
B1GQ,Belgium,2005,310037.6
B1GQ,Belgium,2006,325151.5
B1GQ,Belgium,2007,343618.9
B1GQ,Belgium,2008,351743.1
B1GQ,Belgium,2009,347734.9
B1GQ,Belgium,2010,363242.4
B1GQ,Belgium,2011,378745.4
B1GQ,Belgium,2012,387934.9
B1GQ,Belgium,2013,394616.3
B1GQ,Belgium,2014,404958.3
B1GQ,Belgium,2015,415538.0
B1GQ,Belgium,2016,428467.1
B1GQ,Belgium,2017,443407.2
B1GQ,Belgium,2018,459491.8
B1GQ,Belgium,2019,479444.9
B1GQ,Belgium,2020,463750.9
B1GQ,Belgium,2021,506047.2
B1GQ,Belgium,2022,561309.1
B1GQ,Belgium,2023,602376.3
B1GQ,Belgium,2024,620271.8
B1GQ,Bulgaria,1998,13437.6
B1GQ,Bulgaria,1999,12804.4
B1GQ,Bulgaria,2000,14440.0
B1GQ,Bulgaria,2001,15905.3
B1GQ,Bulgaria,2002,17478.3
B1GQ,Bulgaria,2003,18798.3
B1GQ,Bulgaria,2004,21093.2
B1GQ,Bulgaria,2005,24039.9
B1GQ,Bulgaria,2006,27410.0
B1GQ,Bulgaria,2007,32464.7
B1GQ,Bulgaria,2008,37246.7
B1GQ,Bulgaria,2009,37417.7
B1GQ,Bulgaria,2010,38290.0
B1GQ,Bulgaria,2011,41479.9
B1GQ,Bulgaria,2012,42255.3
B1GQ,Bulgaria,2013,42056.2
B1GQ,Bulgaria,2014,43024.7
B1GQ,Bulgaria,2015,45797.8
B1GQ,Bulgaria,2016,48752.1
B1GQ,Bulgaria,2017,52501.8
B1GQ,Bulgaria,2018,56000.6
B1GQ,Bulgaria,2019,61195.4
B1GQ,Bulgaria,2020,61856.5
B1GQ,Bulgaria,2021,71345.0
B1GQ,Bulgaria,2022,86079.5
B1GQ,Bulgaria,2023,94526.6
B1GQ,Bulgaria,2024,104768.8
B1GQ,Switzerland,1998,271242.2
B1GQ,Switzerland,1999,279613.7
B1GQ,Switzerland,2000,302676.7
B1GQ,Switzerland,2001,320183.3
B1GQ,Switzerland,2002,328614.3
B1GQ,Switzerland,2003,320540.7
B1GQ,Switzerland,2004,325343.7
B1GQ,Switzerland,2005,336400.1
B1GQ,Switzerland,2006,352038.6
B1GQ,Switzerland,2007,358607.9
B1GQ,Switzerland,2008,387052.9
B1GQ,Switzerland,2009,399363.6
B1GQ,Switzerland,2010,452470.6
B1GQ,Switzerland,2011,515770.5
B1GQ,Switzerland,2012,534012.8
B1GQ,Switzerland,2013,531729.1
B1GQ,Switzerland,2014,548014.5
B1GQ,Switzerland,2015,625532.7
B1GQ,Switzerland,2016,621765.1
B1GQ,Switzerland,2017,615776.3
B1GQ,Switzerland,2018,614304.4
B1GQ,Switzerland,2019,644443.2
B1GQ,Switzerland,2020,650742.6
B1GQ,Switzerland,2021,689174.9
B1GQ,Switzerland,2022,787386.5
B1GQ,Switzerland,2023,826951.8
B1GQ,Switzerland,2024,865619.7
B1GQ,Cyprus,1998,9152.6
B1GQ,Cyprus,1999,9839.7
B1GQ,Cyprus,2000,10804.6
B1GQ,Cyprus,2001,11602.9
B1GQ,Cyprus,2002,12083.0
B1GQ,Cyprus,2003,12871.3
B1GQ,Cyprus,2004,13938.0
B1GQ,Cyprus,2005,15039.3
B1GQ,Cyprus,2006,16263.8
B1GQ,Cyprus,2007,17591.0
B1GQ,Cyprus,2008,19009.5
B1GQ,Cyprus,2009,18675.5
B1GQ,Cyprus,2010,19461.1
B1GQ,Cyprus,2011,19858.1
B1GQ,Cyprus,2012,19495.4
B1GQ,Cyprus,2013,18040.3
B1GQ,Cyprus,2014,17482.8
B1GQ,Cyprus,2015,17944.2
B1GQ,Cyprus,2016,19013.8
B1GQ,Cyprus,2017,20312.4
B1GQ,Cyprus,2018,21807.8
B1GQ,Cyprus,2019,23400.9
B1GQ,Cyprus,2020,22373.6
B1GQ,Cyprus,2021,25679.9
B1GQ,Cyprus,2022,29645.4
B1GQ,Cyprus,2023,32439.2
B1GQ,Cyprus,2024,34770.2
B1GQ,Czechia,1998,60164.9
B1GQ,Czechia,1999,61470.4
B1GQ,Czechia,2000,67409.2
B1GQ,Czechia,2001,76070.6
B1GQ,Czechia,2002,87795.9
B1GQ,Czechia,2003,88965.6
B1GQ,Czechia,2004,96822.8
B1GQ,Czechia,2005,110418.8
B1GQ,Czechia,2006,124559.0
B1GQ,Czechia,2007,138897.5
B1GQ,Czechia,2008,161852.2
B1GQ,Czechia,2009,149253.1
B1GQ,Czechia,2010,159506.1
B1GQ,Czechia,2011,166545.5
B1GQ,Czechia,2012,163759.4
B1GQ,Czechia,2013,160470.0
B1GQ,Czechia,2014,158991.5
B1GQ,Czechia,2015,170527.3
B1GQ,Czechia,2016,179145.9
B1GQ,Czechia,2017,196738.7
B1GQ,Czechia,2018,213505.4
B1GQ,Czechia,2019,229406.7
B1GQ,Czechia,2020,220310.6
B1GQ,Czechia,2021,246012.3
B1GQ,Czechia,2022,286976.8
B1GQ,Czechia,2023,319099.1
B1GQ,Czechia,2024,320741.7
B1GQ,Germany,1998,2008652.6
B1GQ,Germany,1999,2077240.0
B1GQ,Germany,2000,2129660.0
B1GQ,Germany,2001,2195530.0
B1GQ,Germany,2002,2223360.0
B1GQ,Germany,2003,2240810.0
B1GQ,Germany,2004,2293040.0
B1GQ,Germany,2005,2325710.0
B1GQ,Germany,2006,2426180.0
B1GQ,Germany,2007,2542220.0
B1GQ,Germany,2008,2589280.0
B1GQ,Germany,2009,2493970.0
B1GQ,Germany,2010,2615260.0
B1GQ,Germany,2011,2746910.0
B1GQ,Germany,2012,2799280.0
B1GQ,Germany,2013,2866480.0
B1GQ,Germany,2014,2984470.0
B1GQ,Germany,2015,3087030.0
B1GQ,Germany,2016,3195210.0
B1GQ,Germany,2017,3333110.0
B1GQ,Germany,2018,3434030.0
B1GQ,Germany,2019,3537280.0
B1GQ,Germany,2020,3450720.0
B1GQ,Germany,2021,3682340.0
B1GQ,Germany,2022,3989390.0
B1GQ,Germany,2023,4219310.0
B1GQ,Germany,2024,4328970.0
B1GQ,Denmark,1998,158043.8
B1GQ,Denmark,1999,166899.4
B1GQ,Denmark,2000,177893.5
B1GQ,Denmark,2001,184146.3
B1GQ,Denmark,2002,189957.5
B1GQ,Denmark,2003,193641.7
B1GQ,Denmark,2004,202915.9
B1GQ,Denmark,2005,213381.8
B1GQ,Denmark,2006,225930.8
B1GQ,Denmark,2007,233960.3
B1GQ,Denmark,2008,242720.1
B1GQ,Denmark,2009,232270.0
B1GQ,Denmark,2010,243429.9
B1GQ,Denmark,2011,248105.0
B1GQ,Denmark,2012,254300.7
B1GQ,Denmark,2013,259530.9
B1GQ,Denmark,2014,265635.7
B1GQ,Denmark,2015,272193.0
B1GQ,Denmark,2016,282265.1
B1GQ,Denmark,2017,294355.0
B1GQ,Denmark,2018,301017.3
B1GQ,Denmark,2019,308546.2
B1GQ,Denmark,2020,312118.3
B1GQ,Denmark,2021,343318.6
B1GQ,Denmark,2022,380567.4
B1GQ,Denmark,2023,374173.6
B1GQ,Denmark,2024,392400.7
B1GQ,Estonia,1998,5067.5
B1GQ,Estonia,1999,5406.9
B1GQ,Estonia,2000,6171.6
B1GQ,Estonia,2001,6982.1
B1GQ,Estonia,2002,7824.9
B1GQ,Estonia,2003,8746.7
B1GQ,Estonia,2004,9779.6
B1GQ,Estonia,2005,11345.4
B1GQ,Estonia,2006,13571.2
B1GQ,Estonia,2007,16402.2
B1GQ,Estonia,2008,16618.9
B1GQ,Estonia,2009,14132.5
B1GQ,Estonia,2010,14741.8
B1GQ,Estonia,2011,16741.9
B1GQ,Estonia,2012,18086.6
B1GQ,Estonia,2013,19163.2
B1GQ,Estonia,2014,20365.6
B1GQ,Estonia,2015,21010.9
B1GQ,Estonia,2016,22189.0
B1GQ,Estonia,2017,24316.1
B1GQ,Estonia,2018,26438.5
B1GQ,Estonia,2019,28472.1
B1GQ,Estonia,2020,27859.3
B1GQ,Estonia,2021,31453.3
B1GQ,Estonia,2022,36300.9
B1GQ,Estonia,2023,38353.4
B1GQ,Estonia,2024,39847.7
B1GQ,Greece,1998,124754.4
B1GQ,Greece,1999,134588.8
B1GQ,Greece,2000,137827.6
B1GQ,Greece,2001,147438.7
B1GQ,Greece,2002,158902.3
B1GQ,Greece,2003,174096.0
B1GQ,Greece,2004,188905.2
B1GQ,Greece,2005,194773.4
B1GQ,Greece,2006,214298.9
B1GQ,Greece,2007,229282.8
B1GQ,Greece,2008,238735.4
B1GQ,Greece,2009,234322.6
B1GQ,Greece,2010,223590.5
B1GQ,Greece,2011,203475.0
B1GQ,Greece,2012,185899.2
B1GQ,Greece,2013,178113.9
B1GQ,Greece,2014,176071.8
B1GQ,Greece,2015,175362.9
B1GQ,Greece,2016,174448.2
B1GQ,Greece,2017,177378.5
B1GQ,Greece,2018,180615.7
B1GQ,Greece,2019,185181.2
B1GQ,Greece,2020,167539.5
B1GQ,Greece,2021,184574.6
B1GQ,Greece,2022,207008.7
B1GQ,Greece,2023,224686.2
B1GQ,Greece,2024,236736.0
B1GQ,Spain,1998,552906.5
B1GQ,Spain,1999,595242.0
B1GQ,Spain,2000,647569.0
B1GQ,Spain,2001,700958.0
B1GQ,Spain,2002,749744.0
B1GQ,Spain,2003,802683.0
B1GQ,Spain,2004,860059.0
B1GQ,Spain,2005,928122.0
B1GQ,Spain,2006,1004976.0
B1GQ,Spain,2007,1077541.0
B1GQ,Spain,2008,1112432.0
B1GQ,Spain,2009,1072990.0
B1GQ,Spain,2010,1077145.0
B1GQ,Spain,2011,1068690.0
B1GQ,Spain,2012,1035964.0
B1GQ,Spain,2013,1025652.0
B1GQ,Spain,2014,1038949.0
B1GQ,Spain,2015,1087112.0
B1GQ,Spain,2016,1122967.0
B1GQ,Spain,2017,1170024.0
B1GQ,Spain,2018,1212276.0
B1GQ,Spain,2019,1253710.0
B1GQ,Spain,2020,1129214.0
B1GQ,Spain,2021,1235474.0
B1GQ,Spain,2022,1375863.0
B1GQ,Spain,2023,1497761.0
B1GQ,Spain,2024,1594330.0
B1GQ,Finland,1998,119690.6
B1GQ,Finland,1999,126888.0
B1GQ,Finland,2000,136386.0
B1GQ,Finland,2001,144613.0
B1GQ,Finland,2002,148440.0
B1GQ,Finland,2003,151714.0
B1GQ,Finland,2004,158741.0
B1GQ,Finland,2005,164666.0
B1GQ,Finland,2006,172861.0
B1GQ,Finland,2007,187059.0
B1GQ,Finland,2008,194253.0
B1GQ,Finland,2009,181735.0
B1GQ,Finland,2010,188147.0
B1GQ,Finland,2011,197655.0
B1GQ,Finland,2012,200378.0
B1GQ,Finland,2013,203497.0
B1GQ,Finland,2014,205855.0
B1GQ,Finland,2015,210192.0
B1GQ,Finland,2016,215717.0
B1GQ,Finland,2017,224706.0
B1GQ,Finland,2018,231905.0
B1GQ,Finland,2019,238518.0
B1GQ,Finland,2020,236387.0
B1GQ,Finland,2021,248764.0
B1GQ,Finland,2022,266135.0
B1GQ,Finland,2023,272848.0
B1GQ,Finland,2024,275963.0
B1GQ,France,1998,1337784.3
B1GQ,France,1999,1395148.0
B1GQ,France,2000,1473517.3
B1GQ,France,2001,1530070.9
B1GQ,France,2002,1578330.4
B1GQ,France,2003,1622312.8
B1GQ,France,2004,1696107.7
B1GQ,France,2005,1762047.7
B1GQ,France,2006,1846020.8
B1GQ,France,2007,1937876.3
B1GQ,France,2008,1989999.7
B1GQ,France,2009,1935840.2
B1GQ,France,2010,1996075.1
B1GQ,France,2011,2062141.4
B1GQ,France,2012,2088286.7
B1GQ,France,2013,2120351.9
B1GQ,France,2014,2153733.1
B1GQ,France,2015,2201401.6
B1GQ,France,2016,2231819.2
B1GQ,France,2017,2291680.5
B1GQ,France,2018,2355362.8
B1GQ,France,2019,2432206.8
B1GQ,France,2020,2318276.2
B1GQ,France,2021,2508102.3
B1GQ,France,2022,2653997.2
B1GQ,France,2023,2826541.5
B1GQ,France,2024,2919899.9
B1GQ,Croatia,1998,22936.1
B1GQ,Croatia,1999,22188.9
B1GQ,Croatia,2000,23631.3
B1GQ,Croatia,2001,25936.5
B1GQ,Croatia,2002,28760.9
B1GQ,Croatia,2003,31016.3
B1GQ,Croatia,2004,33802.7
B1GQ,Croatia,2005,36834.9
B1GQ,Croatia,2006,40621.0
B1GQ,Croatia,2007,44423.0
B1GQ,Croatia,2008,48556.5
B1GQ,Croatia,2009,45861.3
B1GQ,Croatia,2010,45983.8
B1GQ,Croatia,2011,45758.9
B1GQ,Croatia,2012,44867.7
B1GQ,Croatia,2013,44799.3
B1GQ,Croatia,2014,44280.7
B1GQ,Croatia,2015,45487.5
B1GQ,Croatia,2016,47573.5
B1GQ,Croatia,2017,50204.3
B1GQ,Croatia,2018,53035.3
B1GQ,Croatia,2019,55767.8
B1GQ,Croatia,2020,50717.8
B1GQ,Croatia,2021,58390.4
B1GQ,Croatia,2022,67609.4
B1GQ,Croatia,2023,79186.3
B1GQ,Croatia,2024,85905.2
B1GQ,Hungary,1998,43477.8
B1GQ,Hungary,1999,46121.5
B1GQ,Hungary,2000,51300.9
B1GQ,Hungary,2001,60068.8
B1GQ,Hungary,2002,71785.3
B1GQ,Hungary,2003,75344.2
B1GQ,Hungary,2004,83798.3
B1GQ,Hungary,2005,90999.5
B1GQ,Hungary,2006,92038.0
B1GQ,Hungary,2007,102368.2
B1GQ,Hungary,2008,108278.8
B1GQ,Hungary,2009,94416.6
B1GQ,Hungary,2010,99562.8
B1GQ,Hungary,2011,101986.9
B1GQ,Hungary,2012,99979.9
B1GQ,Hungary,2013,102210.9
B1GQ,Hungary,2014,106335.3
B1GQ,Hungary,2015,112854.0
B1GQ,Hungary,2016,116593.5
B1GQ,Hungary,2017,127222.5
B1GQ,Hungary,2018,136580.0
B1GQ,Hungary,2019,147373.2
B1GQ,Hungary,2020,138954.5
B1GQ,Hungary,2021,154971.7
B1GQ,Hungary,2022,168546.2
B1GQ,Hungary,2023,197178.7
B1GQ,Hungary,2024,206040.1
B1GQ,Ireland,1998,80565.7
B1GQ,Ireland,1999,92790.5
B1GQ,Ireland,2000,108495.3
B1GQ,Ireland,2001,122089.2
B1GQ,Ireland,2002,135997.9
B1GQ,Ireland,2003,145576.9
B1GQ,Ireland,2004,156260.0
B1GQ,Ireland,2005,170306.8
B1GQ,Ireland,2006,184916.2
B1GQ,Ireland,2007,197069.4
B1GQ,Ireland,2008,187283.0
B1GQ,Ireland,2009,169519.7
B1GQ,Ireland,2010,167255.1
B1GQ,Ireland,2011,173120.4
B1GQ,Ireland,2012,176621.9
B1GQ,Ireland,2013,182908.6
B1GQ,Ireland,2014,200594.9
B1GQ,Ireland,2015,272282.9
B1GQ,Ireland,2016,275933.1
B1GQ,Ireland,2017,308366.0
B1GQ,Ireland,2018,335136.0
B1GQ,Ireland,2019,363752.6
B1GQ,Ireland,2020,381728.7
B1GQ,Ireland,2021,448445.1
B1GQ,Ireland,2022,520718.4
B1GQ,Ireland,2023,524728.8
B1GQ,Ireland,2024,562794.2
B1GQ,Iceland,1998,7690.3
B1GQ,Iceland,1999,8535.9
B1GQ,Iceland,2000,9900.3
B1GQ,Iceland,2001,9276.0
B1GQ,Iceland,2002,10015.1
B1GQ,Iceland,2003,10237.9
B1GQ,Iceland,2004,11248.0
B1GQ,Iceland,2005,13804.3
B1GQ,Iceland,2006,14131.7
B1GQ,Iceland,2007,16052.2
B1GQ,Iceland,2008,11158.1
B1GQ,Iceland,2009,9460.7
B1GQ,Iceland,2010,10512.9
B1GQ,Iceland,2011,11058.1
B1GQ,Iceland,2012,11629.5
B1GQ,Iceland,2013,12222.7
B1GQ,Iceland,2014,13611.7
B1GQ,Iceland,2015,15960.5
B1GQ,Iceland,2016,19067.0
B1GQ,Iceland,2017,22211.8
B1GQ,Iceland,2018,22591.2
B1GQ,Iceland,2019,22315.1
B1GQ,Iceland,2020,19302.5
B1GQ,Iceland,2021,22188.1
B1GQ,Iceland,2022,27738.9
B1GQ,Iceland,2023,29301.6
B1GQ,Iceland,2024,30726.8
B1GQ,Italy,1998,1136926.5
B1GQ,Italy,1999,1177549.7
B1GQ,Italy,2000,1244744.2
B1GQ,Italy,2001,1308623.1
B1GQ,Italy,2002,1355522.3
B1GQ,Italy,2003,1399386.0
B1GQ,Italy,2004,1457356.2
B1GQ,Italy,2005,1499073.1
B1GQ,Italy,2006,1559864.2
B1GQ,Italy,2007,1621714.5
B1GQ,Italy,2008,1643718.8
B1GQ,Italy,2009,1584106.8
B1GQ,Italy,2010,1617944.7
B1GQ,Italy,2011,1657362.2
B1GQ,Italy,2012,1632898.5
B1GQ,Italy,2013,1621260.7
B1GQ,Italy,2014,1635870.7
B1GQ,Italy,2015,1663277.7
B1GQ,Italy,2016,1704856.7
B1GQ,Italy,2017,1744493.0
B1GQ,Italy,2018,1777744.4
B1GQ,Italy,2019,1804066.8
B1GQ,Italy,2020,1670011.9
B1GQ,Italy,2021,1842507.4
B1GQ,Italy,2022,1998072.6
B1GQ,Italy,2023,2142601.7
B1GQ,Italy,2024,2199619.4
B1GQ,Liechtenstein,2013,4812.4
B1GQ,Liechtenstein,2014,5021.7
B1GQ,Liechtenstein,2015,5649.1
B1GQ,Liechtenstein,2016,5637.7
B1GQ,Liechtenstein,2017,5734.6
B1GQ,Liechtenstein,2018,5666.3
B1GQ,Liechtenstein,2019,5750.1
B1GQ,Liechtenstein,2020,5618.0
B1GQ,Liechtenstein,2021,6688.5
B1GQ,Liechtenstein,2022,7011.9
B1GQ,Liechtenstein,2023,7661.0
B1GQ,Lithuania,1998,10070.0
B1GQ,Lithuania,1999,10339.7
B1GQ,Lithuania,2000,12503.7
B1GQ,Lithuania,2001,13690.7
B1GQ,Lithuania,2002,15177.2
B1GQ,Lithuania,2003,16674.6
B1GQ,Lithuania,2004,18312.5
B1GQ,Lithuania,2005,20986.0
B1GQ,Lithuania,2006,23999.6
B1GQ,Lithuania,2007,29034.1
B1GQ,Lithuania,2008,32683.1
B1GQ,Lithuania,2009,26973.5
B1GQ,Lithuania,2010,27663.4
B1GQ,Lithuania,2011,31066.4
B1GQ,Lithuania,2012,33240.4
B1GQ,Lithuania,2013,34874.0
B1GQ,Lithuania,2014,36410.1
B1GQ,Lithuania,2015,37440.7
B1GQ,Lithuania,2016,38820.7
B1GQ,Lithuania,2017,42274.6
B1GQ,Lithuania,2018,45947.4
B1GQ,Lithuania,2019,49239.2
B1GQ,Lithuania,2020,50264.6
B1GQ,Lithuania,2021,56709.1
B1GQ,Lithuania,2022,67081.1
B1GQ,Lithuania,2023,74317.0
B1GQ,Lithuania,2024,78996.2
B1GQ,Luxembourg,1998,18005.7
B1GQ,Luxembourg,1999,20547.8
B1GQ,Luxembourg,2000,22986.0
B1GQ,Luxembourg,2001,23879.9
B1GQ,Luxembourg,2002,25011.1
B1GQ,Luxembourg,2003,26227.3
B1GQ,Luxembourg,2004,28189.4
B1GQ,Luxembourg,2005,30281.0
B1GQ,Luxembourg,2006,34175.0
B1GQ,Luxembourg,2007,37641.9
B1GQ,Luxembourg,2008,40009.6
B1GQ,Luxembourg,2009,39050.7
B1GQ,Luxembourg,2010,42402.7
B1GQ,Luxembourg,2011,44323.5
B1GQ,Luxembourg,2012,46526.2
B1GQ,Luxembourg,2013,49094.5
B1GQ,Luxembourg,2014,51791.3
B1GQ,Luxembourg,2015,54142.3
B1GQ,Luxembourg,2016,56208.1
B1GQ,Luxembourg,2017,58168.8
B1GQ,Luxembourg,2018,60193.4
B1GQ,Luxembourg,2019,62415.0
B1GQ,Luxembourg,2020,64499.2
B1GQ,Luxembourg,2021,73039.5
B1GQ,Luxembourg,2022,76731.2
B1GQ,Luxembourg,2023,82115.5
B1GQ,Luxembourg,2024,86180.3
B1GQ,Latvia,1998,6230.7
B1GQ,Latvia,1999,6850.7
B1GQ,Latvia,2000,8418.0
B1GQ,Latvia,2001,9182.2
B1GQ,Latvia,2002,9841.0
B1GQ,Latvia,2003,10029.0
B1GQ,Latvia,2004,11229.7
B1GQ,Latvia,2005,13226.9
B1GQ,Latvia,2006,16449.4
B1GQ,Latvia,2007,21592.4
B1GQ,Latvia,2008,23355.3
B1GQ,Latvia,2009,18406.6
B1GQ,Latvia,2010,17572.2
B1GQ,Latvia,2011,19022.6
B1GQ,Latvia,2012,21270.9
B1GQ,Latvia,2013,21997.0
B1GQ,Latvia,2014,22790.5
B1GQ,Latvia,2015,23744.3
B1GQ,Latvia,2016,24498.2
B1GQ,Latvia,2017,26017.1
B1GQ,Latvia,2018,28153.4
B1GQ,Latvia,2019,29567.0
B1GQ,Latvia,2020,29224.3
B1GQ,Latvia,2021,32283.8
B1GQ,Latvia,2022,36088.7
B1GQ,Latvia,2023,39564.2
B1GQ,Latvia,2024,40359.4
B1GQ,Montenegro,2006,2166.3
B1GQ,Montenegro,2007,2687.1
B1GQ,Montenegro,2008,3100.0
B1GQ,Montenegro,2009,2981.9
B1GQ,Montenegro,2010,3120.5
B1GQ,Montenegro,2011,3238.0
B1GQ,Montenegro,2012,3169.3
B1GQ,Montenegro,2013,3329.6
B1GQ,Montenegro,2014,3447.2
B1GQ,Montenegro,2015,3615.0
B1GQ,Montenegro,2016,3936.6
B1GQ,Montenegro,2017,4252.5
B1GQ,Montenegro,2018,4600.9
B1GQ,Montenegro,2019,4898.4
B1GQ,Montenegro,2020,4144.8
B1GQ,Montenegro,2021,4923.2
B1GQ,Montenegro,2022,5944.4
B1GQ,Montenegro,2023,7068.8
B1GQ,Montenegro,2024,7644.5
B1GQ,North Macedonia,2000,4094.6
B1GQ,North Macedonia,2001,4143.5
B1GQ,North Macedonia,2002,4240.5
B1GQ,North Macedonia,2003,4385.9
B1GQ,North Macedonia,2004,4577.7
B1GQ,North Macedonia,2005,5032.0
B1GQ,North Macedonia,2006,5472.2
B1GQ,North Macedonia,2007,6094.5
B1GQ,North Macedonia,2008,6772.1
B1GQ,North Macedonia,2009,6766.5
B1GQ,North Macedonia,2010,7108.3
B1GQ,North Macedonia,2011,7544.2
B1GQ,North Macedonia,2012,7584.8
B1GQ,North Macedonia,2013,8149.6
B1GQ,North Macedonia,2014,8562.0
B1GQ,North Macedonia,2015,9072.3
B1GQ,North Macedonia,2016,9656.5
B1GQ,North Macedonia,2017,10038.3
B1GQ,North Macedonia,2018,10744.0
B1GQ,North Macedonia,2019,11262.0
B1GQ,North Macedonia,2020,10851.7
B1GQ,North Macedonia,2021,11834.7
B1GQ,North Macedonia,2022,13243.2
B1GQ,North Macedonia,2023,14667.4
B1GQ,North Macedonia,2024,15672.0
B1GQ,Malta,1998,3581.2
B1GQ,Malta,1999,3852.1
B1GQ,Malta,2000,4377.0
B1GQ,Malta,2001,4546.1
B1GQ,Malta,2002,4724.5
B1GQ,Malta,2003,4796.9
B1GQ,Malta,2004,4915.6
B1GQ,Malta,2005,5133.8
B1GQ,Malta,2006,5380.6
B1GQ,Malta,2007,5778.2
B1GQ,Malta,2008,6236.5
B1GQ,Malta,2009,6287.6
B1GQ,Malta,2010,6862.0
B1GQ,Malta,2011,7032.8
B1GQ,Malta,2012,7479.5
B1GQ,Malta,2013,8129.4
B1GQ,Malta,2014,8948.5
B1GQ,Malta,2015,10221.4
B1GQ,Malta,2016,10864.3
B1GQ,Malta,2017,12535.7
B1GQ,Malta,2018,13678.6
B1GQ,Malta,2019,14594.2
B1GQ,Malta,2020,14362.4
B1GQ,Malta,2021,16680.2
B1GQ,Malta,2022,17985.1
B1GQ,Malta,2023,20923.4
B1GQ,Malta,2024,23125.0
B1GQ,Netherlands,1998,392001.0
B1GQ,Netherlands,1999,420143.0
B1GQ,Netherlands,2000,452191.0
B1GQ,Netherlands,2001,482941.0
B1GQ,Netherlands,2002,502901.0
B1GQ,Netherlands,2003,514901.0
B1GQ,Netherlands,2004,531573.0
B1GQ,Netherlands,2005,553122.0
B1GQ,Netherlands,2006,587444.0
B1GQ,Netherlands,2007,622775.0
B1GQ,Netherlands,2008,651299.0
B1GQ,Netherlands,2009,630173.0
B1GQ,Netherlands,2010,643022.0
B1GQ,Netherlands,2011,656013.0
B1GQ,Netherlands,2012,658232.0
B1GQ,Netherlands,2013,665567.0
B1GQ,Netherlands,2014,678627.0
B1GQ,Netherlands,2015,699175.0
B1GQ,Netherlands,2016,720175.0
B1GQ,Netherlands,2017,750861.0
B1GQ,Netherlands,2018,787273.0
B1GQ,Netherlands,2019,829767.0
B1GQ,Netherlands,2020,816463.0
B1GQ,Netherlands,2021,891550.0
B1GQ,Netherlands,2022,993820.0
B1GQ,Netherlands,2023,1050133.0
B1GQ,Netherlands,2024,1122459.0
B1GQ,Norway,1998,137455.3
B1GQ,Norway,1999,152395.0
B1GQ,Norway,2000,186016.3
B1GQ,Norway,2001,194660.8
B1GQ,Norway,2002,208313.8
B1GQ,Norway,2003,202928.2
B1GQ,Norway,2004,213642.4
B1GQ,Norway,2005,249342.9
B1GQ,Norway,2006,276477.7
B1GQ,Norway,2007,294414.5
B1GQ,Norway,2008,318851.0
B1GQ,Norway,2009,279533.4
B1GQ,Norway,2010,325493.9
B1GQ,Norway,2011,360552.4
B1GQ,Norway,2012,399069.2
B1GQ,Norway,2013,395856.8
B1GQ,Norway,2014,378456.4
B1GQ,Norway,2015,349756.7
B1GQ,Norway,2016,335396.5
B1GQ,Norway,2017,356288.5
B1GQ,Norway,2018,372657.6
B1GQ,Norway,2019,365130.5
B1GQ,Norway,2020,322823.8
B1GQ,Norway,2021,425445.6
B1GQ,Norway,2022,567468.3
B1GQ,Norway,2023,446533.8
B1GQ,Norway,2024,446866.1
B1GQ,Poland,1998,155540.9
B1GQ,Poland,1999,160193.7
B1GQ,Poland,2000,187532.8
B1GQ,Poland,2001,213857.2
B1GQ,Poland,2002,211220.0
B1GQ,Poland,2003,193199.6
B1GQ,Poland,2004,207064.4
B1GQ,Poland,2005,246903.6
B1GQ,Poland,2006,275514.0
B1GQ,Poland,2007,314356.3
B1GQ,Poland,2008,367420.9
B1GQ,Poland,2009,317876.9
B1GQ,Poland,2010,360890.7
B1GQ,Poland,2011,379540.6
B1GQ,Poland,2012,387660.3
B1GQ,Poland,2013,390177.0
B1GQ,Poland,2014,408714.7
B1GQ,Poland,2015,432485.8
B1GQ,Poland,2016,427658.6
B1GQ,Poland,2017,469071.2
B1GQ,Poland,2018,503951.0
B1GQ,Poland,2019,538423.5
B1GQ,Poland,2020,531827.4
B1GQ,Poland,2021,583001.4
B1GQ,Poland,2022,661712.3
B1GQ,Poland,2023,751931.7
B1GQ,Poland,2024,848490.9
B1GQ,Portugal,1998,110683.7
B1GQ,Portugal,1999,119603.3
B1GQ,Portugal,2000,128414.4
B1GQ,Portugal,2001,135775.0
B1GQ,Portugal,2002,142554.3
B1GQ,Portugal,2003,146067.9
B1GQ,Portugal,2004,152248.4
B1GQ,Portugal,2005,158552.7
B1GQ,Portugal,2006,166260.5
B1GQ,Portugal,2007,175483.4
B1GQ,Portugal,2008,179102.8
B1GQ,Portugal,2009,175416.4
B1GQ,Portugal,2010,179860.4
B1GQ,Portugal,2011,176318.0
B1GQ,Portugal,2012,168538.8
B1GQ,Portugal,2013,170675.6
B1GQ,Portugal,2014,173186.7
B1GQ,Portugal,2015,179392.7
B1GQ,Portugal,2016,186380.7
B1GQ,Portugal,2017,195509.1
B1GQ,Portugal,2018,204997.6
B1GQ,Portugal,2019,214489.9
B1GQ,Portugal,2020,201032.7
B1GQ,Portugal,2021,216493.7
B1GQ,Portugal,2022,243957.1
B1GQ,Portugal,2023,270352.6
B1GQ,Portugal,2024,289428.0
B1GQ,Romania,1998,37063.3
B1GQ,Romania,1999,33726.8
B1GQ,Romania,2000,40594.9
B1GQ,Romania,2001,45143.6
B1GQ,Romania,2002,48695.7
B1GQ,Romania,2003,51108.5
B1GQ,Romania,2004,60402.0
B1GQ,Romania,2005,79223.9
B1GQ,Romania,2006,97215.6
B1GQ,Romania,2007,127632.0
B1GQ,Romania,2008,146589.7
B1GQ,Romania,2009,125219.8
B1GQ,Romania,2010,128305.3
B1GQ,Romania,2011,138528.2
B1GQ,Romania,2012,139307.7
B1GQ,Romania,2013,142936.0
B1GQ,Romania,2014,150528.8
B1GQ,Romania,2015,160289.0
B1GQ,Romania,2016,167497.1
B1GQ,Romania,2017,186399.2
B1GQ,Romania,2018,204780.7
B1GQ,Romania,2019,223341.4
B1GQ,Romania,2020,219839.8
B1GQ,Romania,2021,240986.6
B1GQ,Romania,2022,280777.4
B1GQ,Romania,2023,321577.9
B1GQ,Romania,2024,353633.1
B1GQ,Serbia,1998,20091.1
B1GQ,Serbia,1999,20747.9
B1GQ,Serbia,2000,30369.9
B1GQ,Serbia,2001,15303.4
B1GQ,Serbia,2002,19024.9
B1GQ,Serbia,2003,20864.2
B1GQ,Serbia,2004,21560.1
B1GQ,Serbia,2005,22777.2
B1GQ,Serbia,2006,26582.1
B1GQ,Serbia,2007,32813.0
B1GQ,Serbia,2008,37099.0
B1GQ,Serbia,2009,33776.0
B1GQ,Serbia,2010,32841.2
B1GQ,Serbia,2011,36865.2
B1GQ,Serbia,2012,35074.4
B1GQ,Serbia,2013,37978.2
B1GQ,Serbia,2014,37014.0
B1GQ,Serbia,2015,37219.6
B1GQ,Serbia,2016,38164.7
B1GQ,Serbia,2017,40828.4
B1GQ,Serbia,2018,44710.6
B1GQ,Serbia,2019,48104.5
B1GQ,Serbia,2020,49024.2
B1GQ,Serbia,2021,55931.3
B1GQ,Serbia,2022,63512.8
B1GQ,Serbia,2023,75205.2
B1GQ,Serbia,2024,83257.9
B1GQ,Sweden,1998,241537.8
B1GQ,Sweden,1999,257340.7
B1GQ,Sweden,2000,285224.2
B1GQ,Sweden,2001,270638.2
B1GQ,Sweden,2002,284182.8
B1GQ,Sweden,2003,296070.9
B1GQ,Sweden,2004,309720.9
B1GQ,Sweden,2005,315348.4
B1GQ,Sweden,2006,336866.7
B1GQ,Sweden,2007,358064.8
B1GQ,Sweden,2008,352761.6
B1GQ,Sweden,2009,313033.6
B1GQ,Sweden,2010,372381.5
B1GQ,Sweden,2011,410287.8
B1GQ,Sweden,2012,427901.2
B1GQ,Sweden,2013,439805.4
B1GQ,Sweden,2014,435639.5
B1GQ,Sweden,2015,452337.2
B1GQ,Sweden,2016,463918.8
B1GQ,Sweden,2017,474838.2
B1GQ,Sweden,2018,465753.3
B1GQ,Sweden,2019,474202.9
B1GQ,Sweden,2020,478106.9
B1GQ,Sweden,2021,533953.6
B1GQ,Sweden,2022,547190.4
B1GQ,Sweden,2023,535176.8
B1GQ,Sweden,2024,558044.4
B1GQ,Slovenia,1998,19706.3
B1GQ,Slovenia,1999,21132.4
B1GQ,Slovenia,2000,21726.2
B1GQ,Slovenia,2001,23018.1
B1GQ,Slovenia,2002,24679.7
B1GQ,Slovenia,2003,26004.7
B1GQ,Slovenia,2004,27484.3
B1GQ,Slovenia,2005,28914.4
B1GQ,Slovenia,2006,31300.2
B1GQ,Slovenia,2007,34936.9
B1GQ,Slovenia,2008,37742.1
B1GQ,Slovenia,2009,35830.3
B1GQ,Slovenia,2010,36050.8
B1GQ,Slovenia,2011,36782.2
B1GQ,Slovenia,2012,35933.6
B1GQ,Slovenia,2013,36041.3
B1GQ,Slovenia,2014,37270.9
B1GQ,Slovenia,2015,38493.9
B1GQ,Slovenia,2016,40013.2
B1GQ,Slovenia,2017,42625.5
B1GQ,Slovenia,2018,45462.4
B1GQ,Slovenia,2019,48156.5
B1GQ,Slovenia,2020,46738.7
B1GQ,Slovenia,2021,52032.4
B1GQ,Slovenia,2022,56881.6
B1GQ,Slovenia,2023,64050.0
B1GQ,Slovenia,2024,67418.1
B1GQ,Slovakia,1998,20415.6
B1GQ,Slovakia,1999,19537.0
B1GQ,Slovakia,2000,22368.6
B1GQ,Slovakia,2001,23869.3
B1GQ,Slovakia,2002,26300.3
B1GQ,Slovakia,2003,29924.1
B1GQ,Slovakia,2004,34623.4
B1GQ,Slovakia,2005,39239.7
B1GQ,Slovakia,2006,45592.0
B1GQ,Slovakia,2007,56354.7
B1GQ,Slovakia,2008,66065.4
B1GQ,Slovakia,2009,64055.1
B1GQ,Slovakia,2010,68726.7
B1GQ,Slovakia,2011,71629.5
B1GQ,Slovakia,2012,73727.6
B1GQ,Slovakia,2013,74642.7
B1GQ,Slovakia,2014,76562.3
B1GQ,Slovakia,2015,80376.3
B1GQ,Slovakia,2016,81621.6
B1GQ,Slovakia,2017,84960.4
B1GQ,Slovakia,2018,90275.9
B1GQ,Slovakia,2019,94547.5
B1GQ,Slovakia,2020,94320.6
B1GQ,Slovakia,2021,101891.6
B1GQ,Slovakia,2022,109959.8
B1GQ,Slovakia,2023,123538.7
B1GQ,Slovakia,2024,130207.5
B1GQ,Türkiye,1998,245042.7
B1GQ,Türkiye,1999,240363.8
B1GQ,Türkiye,2000,298848.2
B1GQ,Türkiye,2001,224789.4
B1GQ,Türkiye,2002,252071.2
B1GQ,Türkiye,2003,279289.9
B1GQ,Türkiye,2004,329015.6
B1GQ,Türkiye,2005,407228.2
B1GQ,Türkiye,2006,441934.6
B1GQ,Türkiye,2007,499751.2
B1GQ,Türkiye,2008,529385.7
B1GQ,Türkiye,2009,468545.3
B1GQ,Türkiye,2010,589054.8
B1GQ,Türkiye,2011,604835.5
B1GQ,Türkiye,2012,687291.7
B1GQ,Türkiye,2013,723009.3
B1GQ,Türkiye,2014,709567.6
B1GQ,Türkiye,2015,778072.8
B1GQ,Türkiye,2016,786644.3
B1GQ,Türkiye,2017,764822.9
B1GQ,Türkiye,2018,666902.5
B1GQ,Türkiye,2019,692385.8
B1GQ,Türkiye,2020,638349.1
B1GQ,Türkiye,2021,707145.8
B1GQ,Türkiye,2022,880351.2
B1GQ,Türkiye,2023,1051699.7
B1GQ,Türkiye,2024,1253386.7
B1GQ,Ukraine,2000,35062.3
B1GQ,Ukraine,2001,43915.2
B1GQ,Ukraine,2002,46469.2
B1GQ,Ukraine,2003,45961.9
B1GQ,Ukraine,2004,54027.9
B1GQ,Ukraine,2005,71835.2
B1GQ,Ukraine,2006,89091.3
B1GQ,Ukraine,2007,108496.5
B1GQ,Ukraine,2008,128508.2
B1GQ,Ukraine,2009,86946.6
B1GQ,Ukraine,2010,102270.9
B1GQ,Ukraine,2011,117384.2
B1GQ,Ukraine,2012,136750.4
B1GQ,Ukraine,2013,138021.4
B1GQ,Ukraine,2014,101185.1
B1GQ,Ukraine,2015,82203.6
B1GQ,Ukraine,2016,84254.1
B1GQ,Ukraine,2017,99198.6
B1GQ,Ukraine,2018,110834.0
B1GQ,Ukraine,2019,137528.0
B1GQ,Ukraine,2020,136595.3
B1GQ,Ukraine,2021,168960.3
B1GQ,Ukraine,2022,154006.3
B1GQ,Ukraine,2023,167632.0
B1GQ,United Kingdom,1998,1474279.7
B1GQ,United Kingdom,1999,1578395.1
B1GQ,United Kingdom,2000,1798090.2
B1GQ,United Kingdom,2001,1830567.5
B1GQ,United Kingdom,2002,1888699.6
B1GQ,United Kingdom,2003,1815326.8
B1GQ,United Kingdom,2004,1941265.1
B1GQ,United Kingdom,2005,2037200.9
B1GQ,United Kingdom,2006,2157333.5
B1GQ,United Kingdom,2007,2259235.2
B1GQ,United Kingdom,2008,1995854.5
B1GQ,United Kingdom,2009,1738066.5
B1GQ,United Kingdom,2010,1872175.5
B1GQ,United Kingdom,2011,1912869.3
B1GQ,United Kingdom,2012,2111028.9
B1GQ,United Kingdom,2013,2096338.0
B1GQ,United Kingdom,2014,2311080.2
B1GQ,United Kingdom,2015,2644716.5
B1GQ,United Kingdom,2016,2434119.2
B1GQ,United Kingdom,2017,2359789.9
B1GQ,United Kingdom,2018,2420897.2
B1GQ,United Kingdom,2019,2526615.2
B1GQ,Kosovo*,2008,3537.6
B1GQ,Kosovo*,2009,3610.4
B1GQ,Kosovo*,2010,4031.0
B1GQ,Kosovo*,2011,4555.9
B1GQ,Kosovo*,2012,4797.3
B1GQ,Kosovo*,2013,5071.3
B1GQ,Kosovo*,2014,5325.1
B1GQ,Kosovo*,2015,5674.4
B1GQ,Kosovo*,2016,6037.3
B1GQ,Kosovo*,2017,6356.5
B1GQ,Kosovo*,2018,6671.5
B1GQ,Kosovo*,2019,7056.2
B1GQ,Kosovo*,2020,6771.6
B1GQ,Kosovo*,2021,7957.9
B1GQ,Kosovo*,2022,8895.7
B1GQ,Kosovo*,2023,9680.1
B1GQ,Kosovo*,2024,10350.4
D11,Albania,2013,1915.0
D11,Albania,2014,1853.7
D11,Albania,2015,2533.2
D11,Albania,2016,2387.2
D11,Albania,2017,2674.2
D11,Albania,2018,2673.8
D11,Albania,2019,3032.5
D11,Albania,2020,2993.7
D11,Albania,2021,3429.0
D11,Albania,2022,3825.8
D11,Albania,2023,4948.4
D11,Albania,2024,6397.8
D11,Austria,1998,78727.7
D11,Austria,1999,82206.5
D11,Austria,2000,85265.1
D11,Austria,2001,87042.8
D11,Austria,2002,88706.0
D11,Austria,2003,90633.6
D11,Austria,2004,92604.0
D11,Austria,2005,95835.9
D11,Austria,2006,100512.5
D11,Austria,2007,105812.8
D11,Austria,2008,111605.9
D11,Austria,2009,112432.5
D11,Austria,2010,114658.6
D11,Austria,2011,119027.7
D11,Austria,2012,123998.5
D11,Austria,2013,127392.0
D11,Austria,2014,130676.4
D11,Austria,2015,134787.0
D11,Austria,2016,140079.7
D11,Austria,2017,145010.5
D11,Austria,2018,152199.1
D11,Austria,2019,158850.4
D11,Austria,2020,158445.5
D11,Austria,2021,166302.0
D11,Austria,2022,179804.7
D11,Austria,2023,194808.0
D11,Austria,2024,209155.7
D11,Bosnia and Herzegovina,2000,2019.4
D11,Bosnia and Herzegovina,2001,2159.3
D11,Bosnia and Herzegovina,2002,2355.5
D11,Bosnia and Herzegovina,2003,2728.8
D11,Bosnia and Herzegovina,2004,2738.1
D11,Bosnia and Herzegovina,2005,3013.3
D11,Bosnia and Herzegovina,2006,3259.5
D11,Bosnia and Herzegovina,2007,3747.1
D11,Bosnia and Herzegovina,2008,4412.3
D11,Bosnia and Herzegovina,2009,4528.4
D11,Bosnia and Herzegovina,2010,4454.4
D11,Bosnia and Herzegovina,2011,4617.1
D11,Bosnia and Herzegovina,2012,4684.3
D11,Bosnia and Herzegovina,2013,4701.6
D11,Bosnia and Herzegovina,2014,4735.2
D11,Bosnia and Herzegovina,2015,4890.2
D11,Bosnia and Herzegovina,2016,4935.0
D11,Bosnia and Herzegovina,2017,5062.9
D11,Bosnia and Herzegovina,2018,5359.4
D11,Bosnia and Herzegovina,2019,5687.7
D11,Bosnia and Herzegovina,2020,5780.3
D11,Bosnia and Herzegovina,2021,6124.5
D11,Bosnia and Herzegovina,2022,7276.3
D11,Bosnia and Herzegovina,2023,8205.7
D11,Bosnia and Herzegovina,2024,8994.8
D11,Belgium,1998,84781.2
D11,Belgium,1999,90202.8
D11,Belgium,2000,95051.4
D11,Belgium,2001,100427.1
D11,Belgium,2002,104466.3
D11,Belgium,2003,106226.0
D11,Belgium,2004,109476.3
D11,Belgium,2005,113400.8
D11,Belgium,2006,118770.4
D11,Belgium,2007,124352.2
D11,Belgium,2008,131139.9
D11,Belgium,2009,131511.1
D11,Belgium,2010,134361.5
D11,Belgium,2011,141013.9
D11,Belgium,2012,145606.7
D11,Belgium,2013,148323.7
D11,Belgium,2014,150733.6
D11,Belgium,2015,152181.4
D11,Belgium,2016,157322.2
D11,Belgium,2017,162887.8
D11,Belgium,2018,169066.5
D11,Belgium,2019,175352.3
D11,Belgium,2020,171630.1
D11,Belgium,2021,183808.8
D11,Belgium,2022,202374.8
D11,Belgium,2023,218979.9
D11,Belgium,2024,225702.3
D11,Bulgaria,1998,3443.2
D11,Bulgaria,1999,3517.0
D11,Bulgaria,2000,3855.2
D11,Bulgaria,2001,4329.5
D11,Bulgaria,2002,4637.7
D11,Bulgaria,2003,5066.6
D11,Bulgaria,2004,5719.4
D11,Bulgaria,2005,6714.7
D11,Bulgaria,2006,7322.7
D11,Bulgaria,2007,8835.1
D11,Bulgaria,2008,10271.3
D11,Bulgaria,2009,11120.5
D11,Bulgaria,2010,11913.2
D11,Bulgaria,2011,12495.1
D11,Bulgaria,2012,13244.2
D11,Bulgaria,2013,14181.5
D11,Bulgaria,2014,14952.4
D11,Bulgaria,2015,15975.3
D11,Bulgaria,2016,17262.8
D11,Bulgaria,2017,19030.6
D11,Bulgaria,2018,21022.3
D11,Bulgaria,2019,22792.6
D11,Bulgaria,2020,23752.1
D11,Bulgaria,2021,26745.2
D11,Bulgaria,2022,30764.9
D11,Bulgaria,2023,35479.2
D11,Bulgaria,2024,40909.7
D11,Switzerland,1998,124910.6
D11,Switzerland,1999,128960.2
D11,Switzerland,2000,138469.5
D11,Switzerland,2001,150900.9
D11,Switzerland,2002,159866.0
D11,Switzerland,2003,155256.6
D11,Switzerland,2004,153895.0
D11,Switzerland,2005,158262.6
D11,Switzerland,2006,162036.9
D11,Switzerland,2007,163479.2
D11,Switzerland,2008,178175.0
D11,Switzerland,2009,192112.7
D11,Switzerland,2010,211676.3
D11,Switzerland,2011,246134.9
D11,Switzerland,2012,258096.9
D11,Switzerland,2013,258285.8
D11,Switzerland,2014,266112.0
D11,Switzerland,2015,307914.5
D11,Switzerland,2016,305201.2
D11,Switzerland,2017,302945.2
D11,Switzerland,2018,298008.2
D11,Switzerland,2019,317704.3
D11,Switzerland,2020,321926.6
D11,Switzerland,2021,334944.7
D11,Switzerland,2022,381258.2
D11,Switzerland,2023,409768.7
D11,Switzerland,2024,431309.2
D11,Cyprus,1998,3091.7
D11,Cyprus,1999,3276.4
D11,Cyprus,2000,3585.7
D11,Cyprus,2001,3834.7
D11,Cyprus,2002,4140.6
D11,Cyprus,2003,4486.9
D11,Cyprus,2004,4767.7
D11,Cyprus,2005,5339.5
D11,Cyprus,2006,5811.0
D11,Cyprus,2007,6332.4
D11,Cyprus,2008,6922.0
D11,Cyprus,2009,7329.2
D11,Cyprus,2010,7685.5
D11,Cyprus,2011,7880.9
D11,Cyprus,2012,7685.4
D11,Cyprus,2013,6755.4
D11,Cyprus,2014,6384.1
D11,Cyprus,2015,6418.4
D11,Cyprus,2016,6726.9
D11,Cyprus,2017,7274.7
D11,Cyprus,2018,7881.5
D11,Cyprus,2019,8650.3
D11,Cyprus,2020,8572.5
D11,Cyprus,2021,8769.1
D11,Cyprus,2022,9984.1
D11,Cyprus,2023,11450.3
D11,Cyprus,2024,12149.5
D11,Czechia,1998,18074.7
D11,Czechia,1999,18169.2
D11,Czechia,2000,19989.3
D11,Czechia,2001,22657.5
D11,Czechia,2002,26802.9
D11,Czechia,2003,27296.5
D11,Czechia,2004,29650.4
D11,Czechia,2005,34067.1
D11,Czechia,2006,38360.3
D11,Czechia,2007,42402.3
D11,Czechia,2008,50943.0
D11,Czechia,2009,47040.6
D11,Czechia,2010,49820.1
D11,Czechia,2011,52371.8
D11,Czechia,2012,52541.8
D11,Czechia,2013,51216.6
D11,Czechia,2014,50201.8
D11,Czechia,2015,53225.2
D11,Czechia,2016,56764.4
D11,Czechia,2017,63648.7
D11,Czechia,2018,71588.6
D11,Czechia,2019,77143.8
D11,Czechia,2020,75140.4
D11,Czechia,2021,83145.8
D11,Czechia,2022,94669.9
D11,Czechia,2023,105453.0
D11,Czechia,2024,107576.6
D11,Germany,1998,853336.9
D11,Germany,1999,884665.0
D11,Germany,2000,916951.0
D11,Germany,2001,934601.0
D11,Germany,2002,942572.0
D11,Germany,2003,944549.0
D11,Germany,2004,951450.0
D11,Germany,2005,950170.0
D11,Germany,2006,966269.0
D11,Germany,2007,998288.0
D11,Germany,2008,1039662.0
D11,Germany,2009,1042015.0
D11,Germany,2010,1073934.0
D11,Germany,2011,1124676.0
D11,Germany,2012,1172810.0
D11,Germany,2013,1211142.0
D11,Germany,2014,1262027.0
D11,Germany,2015,1314637.0
D11,Germany,2016,1369635.0
D11,Germany,2017,1431463.0
D11,Germany,2018,1503162.0
D11,Germany,2019,1569114.0
D11,Germany,2020,1557420.0
D11,Germany,2021,1615830.0
D11,Germany,2022,1713575.0
D11,Germany,2023,1840778.0
D11,Germany,2024,1942175.0
D11,Denmark,1998,75498.0
D11,Denmark,1999,80075.1
D11,Denmark,2000,82944.0
D11,Denmark,2001,86961.1
D11,Denmark,2002,90028.3
D11,Denmark,2003,92125.5
D11,Denmark,2004,94411.2
D11,Denmark,2005,98794.2
D11,Denmark,2006,104422.3
D11,Denmark,2007,111303.0
D11,Denmark,2008,116761.0
D11,Denmark,2009,116487.8
D11,Denmark,2010,117487.5
D11,Denmark,2011,119287.9
D11,Denmark,2012,121070.3
D11,Denmark,2013,122768.9
D11,Denmark,2014,126275.3
D11,Denmark,2015,129811.0
D11,Denmark,2016,133814.4
D11,Denmark,2017,138528.4
D11,Denmark,2018,143144.2
D11,Denmark,2019,147334.2
D11,Denmark,2020,149095.2
D11,Denmark,2021,157829.6
D11,Denmark,2022,169094.7
D11,Denmark,2023,177331.3
D11,Denmark,2024,186425.8
D11,Estonia,1998,1815.4
D11,Estonia,1999,1884.3
D11,Estonia,2000,2122.5
D11,Estonia,2001,2367.7
D11,Estonia,2002,2594.0
D11,Estonia,2003,2918.2
D11,Estonia,2004,3235.3
D11,Estonia,2005,3731.0
D11,Estonia,2006,4482.0
D11,Estonia,2007,5574.4
D11,Estonia,2008,6190.6
D11,Estonia,2009,5269.3
D11,Estonia,2010,5157.7
D11,Estonia,2011,5629.3
D11,Estonia,2012,6024.5
D11,Estonia,2013,6428.3
D11,Estonia,2014,6902.1
D11,Estonia,2015,7340.0
D11,Estonia,2016,7810.3
D11,Estonia,2017,8523.0
D11,Estonia,2018,9383.6
D11,Estonia,2019,10205.8
D11,Estonia,2020,10368.4
D11,Estonia,2021,11336.5
D11,Estonia,2022,12831.7
D11,Estonia,2023,14289.5
D11,Estonia,2024,15187.2
D11,Greece,1998,30102.9
D11,Greece,1999,33313.7
D11,Greece,2000,33973.3
D11,Greece,2001,36127.4
D11,Greece,2002,41252.4
D11,Greece,2003,45611.4
D11,Greece,2004,49474.4
D11,Greece,2005,52753.0
D11,Greece,2006,57143.5
D11,Greece,2007,60782.9
D11,Greece,2008,63377.9
D11,Greece,2009,65701.1
D11,Greece,2010,63104.5
D11,Greece,2011,58170.1
D11,Greece,2012,52169.9
D11,Greece,2013,47777.2
D11,Greece,2014,48626.9
D11,Greece,2015,48047.6
D11,Greece,2016,49255.5
D11,Greece,2017,49396.9
D11,Greece,2018,51005.5
D11,Greece,2019,52680.3
D11,Greece,2020,50560.7
D11,Greece,2021,54374.7
D11,Greece,2022,58478.5
D11,Greece,2023,62120.4
D11,Greece,2024,66612.6
D11,Spain,1998,211434.7
D11,Spain,1999,227932.0
D11,Spain,2000,245797.0
D11,Spain,2001,262305.0
D11,Spain,2002,278418.0
D11,Spain,2003,296864.0
D11,Spain,2004,314388.0
D11,Spain,2005,337452.0
D11,Spain,2006,363959.0
D11,Spain,2007,394785.0
D11,Spain,2008,423918.0
D11,Spain,2009,416438.0
D11,Spain,2010,412424.0
D11,Spain,2011,403079.0
D11,Spain,2012,377975.0
D11,Spain,2013,366888.0
D11,Spain,2014,370769.0
D11,Spain,2015,390132.0
D11,Spain,2016,398205.0
D11,Spain,2017,413258.0
D11,Spain,2018,430263.0
D11,Spain,2019,454622.0
D11,Spain,2020,430917.0
D11,Spain,2021,466521.0
D11,Spain,2022,510404.0
D11,Spain,2023,551014.0
D11,Spain,2024,591487.0
D11,Finland,1998,43892.5
D11,Finland,1999,46995.0
D11,Finland,2000,50523.0
D11,Finland,2001,53178.0
D11,Finland,2002,55121.0
D11,Finland,2003,56813.0
D11,Finland,2004,59216.0
D11,Finland,2005,62206.0
D11,Finland,2006,65415.0
D11,Finland,2007,69127.0
D11,Finland,2008,73791.0
D11,Finland,2009,73137.0
D11,Finland,2010,75550.0
D11,Finland,2011,79017.0
D11,Finland,2012,81509.0
D11,Finland,2013,82180.0
D11,Finland,2014,82491.0
D11,Finland,2015,83349.0
D11,Finland,2016,84579.0
D11,Finland,2017,86576.0
D11,Finland,2018,90580.0
D11,Finland,2019,93842.0
D11,Finland,2020,93232.0
D11,Finland,2021,98284.0
D11,Finland,2022,104901.0
D11,Finland,2023,110145.0
D11,Finland,2024,112287.0
D11,France,1998,485013.5
D11,France,1999,511020.1
D11,France,2000,542929.3
D11,France,2001,568272.2
D11,France,2002,592110.7
D11,France,2003,607920.1
D11,France,2004,630053.6
D11,France,2005,654468.0
D11,France,2006,683257.1
D11,France,2007,710863.5
D11,France,2008,732673.2
D11,France,2009,733496.7
D11,France,2010,753472.2
D11,France,2011,772256.2
D11,France,2012,786966.0
D11,France,2013,797561.4
D11,France,2014,806661.8
D11,France,2015,817787.3
D11,France,2016,835497.5
D11,France,2017,863467.4
D11,France,2018,885990.4
D11,France,2019,914078.1
D11,France,2020,877340.9
D11,France,2021,946416.5
D11,France,2022,1020599.8
D11,France,2023,1074285.8
D11,France,2024,1108521.7
D11,Croatia,1998,9365.5
D11,Croatia,1999,9521.1
D11,Croatia,2000,10201.6
D11,Croatia,2001,10636.8
D11,Croatia,2002,12074.9
D11,Croatia,2003,13105.8
D11,Croatia,2004,14010.8
D11,Croatia,2005,15067.4
D11,Croatia,2006,16309.7
D11,Croatia,2007,17881.1
D11,Croatia,2008,19537.0
D11,Croatia,2009,19136.0
D11,Croatia,2010,18684.0
D11,Croatia,2011,18243.6
D11,Croatia,2012,17973.0
D11,Croatia,2013,17629.3
D11,Croatia,2014,17400.4
D11,Croatia,2015,17764.7
D11,Croatia,2016,18602.1
D11,Croatia,2017,19682.5
D11,Croatia,2018,21277.8
D11,Croatia,2019,22052.7
D11,Croatia,2020,21786.6
D11,Croatia,2021,23203.4
D11,Croatia,2022,26555.3
D11,Croatia,2023,30801.9
D11,Croatia,2024,35529.1
D11,Hungary,1998,14012.9
D11,Hungary,1999,14808.9
D11,Hungary,2000,17010.5
D11,Hungary,2001,20521.5
D11,Hungary,2002,24127.0
D11,Hungary,2003,26613.5
D11,Hungary,2004,29801.2
D11,Hungary,2005,32831.6
D11,Hungary,2006,32883.1
D11,Hungary,2007,36411.2
D11,Hungary,2008,38000.3
D11,Hungary,2009,33337.4
D11,Hungary,2010,35481.2
D11,Hungary,2011,36238.3
D11,Hungary,2012,36109.5
D11,Hungary,2013,36372.0
D11,Hungary,2014,36516.3
D11,Hungary,2015,37882.7
D11,Hungary,2016,40046.7
D11,Hungary,2017,45389.5
D11,Hungary,2018,48532.5
D11,Hungary,2019,52996.7
D11,Hungary,2020,50792.4
D11,Hungary,2021,55393.5
D11,Hungary,2022,61492.5
D11,Hungary,2023,73127.1
D11,Hungary,2024,79364.7
D11,Ireland,1998,28006.0
D11,Ireland,1999,31477.5
D11,Ireland,2000,35711.2
D11,Ireland,2001,39775.0
D11,Ireland,2002,42727.7
D11,Ireland,2003,46464.8
D11,Ireland,2004,50397.8
D11,Ireland,2005,56086.6
D11,Ireland,2006,61414.1
D11,Ireland,2007,67204.6
D11,Ireland,2008,69438.2
D11,Ireland,2009,62840.4
D11,Ireland,2010,59331.0
D11,Ireland,2011,60768.6
D11,Ireland,2012,60971.2
D11,Ireland,2013,61999.8
D11,Ireland,2014,64524.7
D11,Ireland,2015,67980.6
D11,Ireland,2016,72524.7
D11,Ireland,2017,77523.7
D11,Ireland,2018,83024.8
D11,Ireland,2019,89608.9
D11,Ireland,2020,89737.7
D11,Ireland,2021,98776.2
D11,Ireland,2022,108550.2
D11,Ireland,2023,121065.0
D11,Ireland,2024,130303.8
D11,Iceland,1998,3276.6
D11,Iceland,1999,3788.2
D11,Iceland,2000,4424.3
D11,Iceland,2001,4062.1
D11,Iceland,2002,4393.9
D11,Iceland,2003,4589.0
D11,Iceland,2004,4974.6
D11,Iceland,2005,6081.2
D11,Iceland,2006,6419.1
D11,Iceland,2007,7382.0
D11,Iceland,2008,4669.6
D11,Iceland,2009,3527.6
D11,Iceland,2010,3871.3
D11,Iceland,2011,4249.0
D11,Iceland,2012,4565.9
D11,Iceland,2013,4901.0
D11,Iceland,2014,5478.3
D11,Iceland,2015,6442.3
D11,Iceland,2016,7880.3
D11,Iceland,2017,9604.6
D11,Iceland,2018,9978.5
D11,Iceland,2019,9540.3
D11,Iceland,2020,8216.1
D11,Iceland,2021,9351.1
D11,Iceland,2022,11471.7
D11,Iceland,2023,12309.4
D11,Iceland,2024,13193.7
D11,Italy,1998,301911.7
D11,Italy,1999,314981.0
D11,Italy,2000,330210.4
D11,Italy,2001,348987.5
D11,Italy,2002,365104.0
D11,Italy,2003,378692.5
D11,Italy,2004,392888.3
D11,Italy,2005,411767.8
D11,Italy,2006,433891.8
D11,Italy,2007,449828.5
D11,Italy,2008,465912.6
D11,Italy,2009,461148.3
D11,Italy,2010,466370.1
D11,Italy,2011,472979.0
D11,Italy,2012,467112.7
D11,Italy,2013,463139.3
D11,Italy,2014,465573.5
D11,Italy,2015,476520.4
D11,Italy,2016,490418.1
D11,Italy,2017,503116.4
D11,Italy,2018,516599.6
D11,Italy,2019,526777.2
D11,Italy,2020,495090.8
D11,Italy,2021,540179.1
D11,Italy,2022,574543.4
D11,Italy,2023,604492.9
D11,Italy,2024,636551.7
D11,Liechtenstein,2013,2351.4
D11,Liechtenstein,2014,2443.8
D11,Liechtenstein,2015,2726.8
D11,Liechtenstein,2016,2685.5
D11,Liechtenstein,2017,2776.7
D11,Liechtenstein,2018,2724.8
D11,Liechtenstein,2019,2975.6
D11,Liechtenstein,2020,2996.5
D11,Liechtenstein,2021,3198.9
D11,Liechtenstein,2022,3526.0
D11,Lithuania,1998,3296.4
D11,Lithuania,1999,3505.1
D11,Lithuania,2000,3825.8
D11,Lithuania,2001,4076.1
D11,Lithuania,2002,4623.6
D11,Lithuania,2003,5169.6
D11,Lithuania,2004,5833.3
D11,Lithuania,2005,6757.1
D11,Lithuania,2006,8134.2
D11,Lithuania,2007,9663.9
D11,Lithuania,2008,11188.4
D11,Lithuania,2009,9320.5
D11,Lithuania,2010,9045.6
D11,Lithuania,2011,9673.8
D11,Lithuania,2012,10244.6
D11,Lithuania,2013,10827.4
D11,Lithuania,2014,11500.7
D11,Lithuania,2015,12315.9
D11,Lithuania,2016,13370.2
D11,Lithuania,2017,14555.8
D11,Lithuania,2018,15936.4
D11,Lithuania,2019,21888.6
D11,Lithuania,2020,23003.8
D11,Lithuania,2021,26039.9
D11,Lithuania,2022,30309.6
D11,Lithuania,2023,34598.5
D11,Lithuania,2024,37698.3
D11,Luxembourg,1998,7445.0
D11,Luxembourg,1999,8289.0
D11,Luxembourg,2000,9263.2
D11,Luxembourg,2001,10074.7
D11,Luxembourg,2002,10797.6
D11,Luxembourg,2003,11125.8
D11,Luxembourg,2004,11802.6
D11,Luxembourg,2005,12540.7
D11,Luxembourg,2006,13665.6
D11,Luxembourg,2007,14949.0
D11,Luxembourg,2008,16076.7
D11,Luxembourg,2009,16324.0
D11,Luxembourg,2010,16989.7
D11,Luxembourg,2011,18151.8
D11,Luxembourg,2012,18861.0
D11,Luxembourg,2013,19763.2
D11,Luxembourg,2014,20704.0
D11,Luxembourg,2015,21568.6
D11,Luxembourg,2016,22403.6
D11,Luxembourg,2017,23940.2
D11,Luxembourg,2018,25692.6
D11,Luxembourg,2019,27214.5
D11,Luxembourg,2020,28013.1
D11,Luxembourg,2021,30454.3
D11,Luxembourg,2022,32940.1
D11,Luxembourg,2023,36059.8
D11,Luxembourg,2024,37699.3
D11,Latvia,1998,2166.8
D11,Latvia,1999,2412.5
D11,Latvia,2000,2848.9
D11,Latvia,2001,3083.0
D11,Latvia,2002,3171.3
D11,Latvia,2003,3315.4
D11,Latvia,2004,3709.0
D11,Latvia,2005,4661.3
D11,Latvia,2006,6033.3
D11,Latvia,2007,8521.9
D11,Latvia,2008,9961.9
D11,Latvia,2009,7274.4
D11,Latvia,2010,6360.8
D11,Latvia,2011,6636.8
D11,Latvia,2012,7321.8
D11,Latvia,2013,7838.2
D11,Latvia,2014,8406.5
D11,Latvia,2015,9073.9
D11,Latvia,2016,9579.0
D11,Latvia,2017,10333.7
D11,Latvia,2018,11421.9
D11,Latvia,2019,12215.1
D11,Latvia,2020,12290.9
D11,Latvia,2021,12967.0
D11,Latvia,2022,14596.8
D11,Latvia,2023,15995.7
D11,Latvia,2024,17266.3
D11,Malta,1998,1469.2
D11,Malta,1999,1572.3
D11,Malta,2000,1725.4
D11,Malta,2001,1853.9
D11,Malta,2002,1901.9
D11,Malta,2003,1931.7
D11,Malta,2004,1968.3
D11,Malta,2005,2003.3
D11,Malta,2006,2147.7
D11,Malta,2007,2265.9
D11,Malta,2008,2429.8
D11,Malta,2009,2482.7
D11,Malta,2010,2606.7
D11,Malta,2011,2787.1
D11,Malta,2012,2954.1
D11,Malta,2013,3166.3
D11,Malta,2014,3393.8
D11,Malta,2015,3754.3
D11,Malta,2016,4128.9
D11,Malta,2017,4509.2
D11,Malta,2018,5167.5
D11,Malta,2019,5679.1
D11,Malta,2020,5939.1
D11,Malta,2021,6411.0
D11,Malta,2022,7184.1
D11,Malta,2023,7897.9
D11,Malta,2024,8952.2
D11,Netherlands,1998,153955.4
D11,Netherlands,1999,166790.0
D11,Netherlands,2000,178788.0
D11,Netherlands,2001,191543.0
D11,Netherlands,2002,198956.0
D11,Netherlands,2003,203146.0
D11,Netherlands,2004,205183.0
D11,Netherlands,2005,209140.0
D11,Netherlands,2006,218819.0
D11,Netherlands,2007,232090.0
D11,Netherlands,2008,242900.0
D11,Netherlands,2009,246210.0
D11,Netherlands,2010,247258.0
D11,Netherlands,2011,252650.0
D11,Netherlands,2012,254221.0
D11,Netherlands,2013,255087.0
D11,Netherlands,2014,254708.0
D11,Netherlands,2015,260224.0
D11,Netherlands,2016,268961.0
D11,Netherlands,2017,277944.0
D11,Netherlands,2018,290470.0
D11,Netherlands,2019,304577.0
D11,Netherlands,2020,314084.0
D11,Netherlands,2021,327960.0
D11,Netherlands,2022,348914.0
D11,Netherlands,2023,377681.0
D11,Netherlands,2024,405129.0
D11,Norway,1998,55543.1
D11,Norway,1999,60294.9
D11,Norway,2000,65006.6
D11,Norway,2001,68919.4
D11,Norway,2002,77661.5
D11,Norway,2003,74586.9
D11,Norway,2004,74691.6
D11,Norway,2005,82440.4
D11,Norway,2006,89393.5
D11,Norway,2007,99259.0
D11,Norway,2008,105874.0
D11,Norway,2009,102856.4
D11,Norway,2010,116095.8
D11,Norway,2011,126698.9
D11,Norway,2012,140446.1
D11,Norway,2013,142071.8
D11,Norway,2014,138106.6
D11,Norway,2015,132814.9
D11,Norway,2016,130340.5
D11,Norway,2017,134230.3
D11,Norway,2018,136801.9
D11,Norway,2019,140405.1
D11,Norway,2020,129754.0
D11,Norway,2021,144851.5
D11,Norway,2022,157404.0
D11,Norway,2023,148317.1
D11,Norway,2024,154180.7
D11,Poland,1998,55008.6
D11,Poland,1999,56214.0
D11,Poland,2000,64173.9
D11,Poland,2001,74617.8
D11,Poland,2002,70642.9
D11,Poland,2003,63076.2
D11,Poland,2004,64021.8
D11,Poland,2005,76186.4
D11,Poland,2006,84826.1
D11,Poland,2007,97617.9
D11,Poland,2008,120927.4
D11,Poland,2009,101488.1
D11,Poland,2010,116895.6
D11,Poland,2011,120375.2
D11,Poland,2012,122038.9
D11,Poland,2013,123997.1
D11,Poland,2014,130041.8
D11,Poland,2015,135216.7
D11,Poland,2016,137985.7
D11,Poland,2017,152621.8
D11,Poland,2018,165884.3
D11,Poland,2019,179417.6
D11,Poland,2020,181671.8
D11,Poland,2021,191214.8
D11,Poland,2022,211801.9
D11,Poland,2023,248585.0
D11,Poland,2024,291089.9
D11,Portugal,1998,42026.0
D11,Portugal,1999,45964.1
D11,Portugal,2000,49476.1
D11,Portugal,2001,52505.1
D11,Portugal,2002,54817.5
D11,Portugal,2003,55994.8
D11,Portugal,2004,57600.9
D11,Portugal,2005,59506.1
D11,Portugal,2006,60978.6
D11,Portugal,2007,63581.7
D11,Portugal,2008,65454.1
D11,Portugal,2009,65573.2
D11,Portugal,2010,66246.3
D11,Portugal,2011,63629.2
D11,Portugal,2012,58774.5
D11,Portugal,2013,59017.1
D11,Portugal,2014,59459.2
D11,Portugal,2015,61197.2
D11,Portugal,2016,63425.6
D11,Portugal,2017,67049.1
D11,Portugal,2018,71046.9
D11,Portugal,2019,75272.0
D11,Portugal,2020,75387.7
D11,Portugal,2021,80458.9
D11,Portugal,2022,88831.1
D11,Portugal,2023,99403.2
D11,Portugal,2024,107461.0
D11,Romania,1998,11413.3
D11,Romania,1999,8877.7
D11,Romania,2000,12576.8
D11,Romania,2001,15363.8
D11,Romania,2002,15907.0
D11,Romania,2003,16157.5
D11,Romania,2004,18592.0
D11,Romania,2005,25625.1
D11,Romania,2006,30864.5
D11,Romania,2007,34711.5
D11,Romania,2008,43789.3
D11,Romania,2009,34939.6
D11,Romania,2010,35185.8
D11,Romania,2011,36125.8
D11,Romania,2012,35904.6
D11,Romania,2013,37660.2
D11,Romania,2014,40815.9
D11,Romania,2015,43379.0
D11,Romania,2016,50263.3
D11,Romania,2017,57944.0
D11,Romania,2018,74212.1
D11,Romania,2019,82694.5
D11,Romania,2020,83031.9
D11,Romania,2021,87056.5
D11,Romania,2022,100508.2
D11,Romania,2023,119577.4
D11,Romania,2024,141555.3
D11,Serbia,1998,3963.7
D11,Serbia,1999,4049.8
D11,Serbia,2000,6235.1
D11,Serbia,2001,3629.1
D11,Serbia,2002,5279.2
D11,Serbia,2003,5977.1
D11,Serbia,2004,6585.9
D11,Serbia,2005,7038.9
D11,Serbia,2006,8283.7
D11,Serbia,2007,10382.1
D11,Serbia,2008,11983.8
D11,Serbia,2009,10893.1
D11,Serbia,2010,10254.1
D11,Serbia,2011,11227.3
D11,Serbia,2012,11123.4
D11,Serbia,2013,11511.7
D11,Serbia,2014,11220.4
D11,Serbia,2015,11121.3
D11,Serbia,2016,11497.6
D11,Serbia,2017,12456.4
D11,Serbia,2018,14010.2
D11,Serbia,2019,15814.1
D11,Serbia,2020,17656.7
D11,Serbia,2021,19968.9
D11,Serbia,2022,23068.2
D11,Serbia,2023,26967.9
D11,Serbia,2024,31050.2
D11,Sweden,1998,92617.8
D11,Sweden,1999,99157.1
D11,Sweden,2000,110995.7
D11,Sweden,2001,107212.7
D11,Sweden,2002,111808.3
D11,Sweden,2003,115013.6
D11,Sweden,2004,117960.3
D11,Sweden,2005,120252.5
D11,Sweden,2006,127430.6
D11,Sweden,2007,136451.9
D11,Sweden,2008,139013.6
D11,Sweden,2009,125857.1
D11,Sweden,2010,144607.0
D11,Sweden,2011,161473.8
D11,Sweden,2012,173859.7
D11,Sweden,2013,179821.8
D11,Sweden,2014,177589.3
D11,Sweden,2015,180046.5
D11,Sweden,2016,186602.1
D11,Sweden,2017,192656.2
D11,Sweden,2018,189809.0
D11,Sweden,2019,190917.2
D11,Sweden,2020,194269.9
D11,Sweden,2021,213147.9
D11,Sweden,2022,217079.5
D11,Sweden,2023,211371.2
D11,Sweden,2024,220350.9
D11,Slovenia,1998,8487.3
D11,Slovenia,1999,8929.9
D11,Slovenia,2000,9464.0
D11,Slovenia,2001,10148.3
D11,Slovenia,2002,10670.5
D11,Slovenia,2003,11110.6
D11,Slovenia,2004,11718.9
D11,Slovenia,2005,12374.5
D11,Slovenia,2006,13248.9
D11,Slovenia,2007,14576.5
D11,Slovenia,2008,16074.9
D11,Slovenia,2009,15920.3
D11,Slovenia,2010,16133.5
D11,Slovenia,2011,16032.4
D11,Slovenia,2012,15605.7
D11,Slovenia,2013,15267.5
D11,Slovenia,2014,15582.1
D11,Slovenia,2015,16001.1
D11,Slovenia,2016,16941.7
D11,Slovenia,2017,18035.1
D11,Slovenia,2018,19374.3
D11,Slovenia,2019,20940.0
D11,Slovenia,2020,21506.6
D11,Slovenia,2021,23491.7
D11,Slovenia,2022,25347.1
D11,Slovenia,2023,28105.8
D11,Slovenia,2024,29774.2
D11,Slovakia,1998,6588.5
D11,Slovakia,1999,6138.1
D11,Slovakia,2000,6988.2
D11,Slovakia,2001,7264.9
D11,Slovakia,2002,7954.3
D11,Slovakia,2003,8875.9
D11,Slovakia,2004,9683.1
D11,Slovakia,2005,11028.0
D11,Slovakia,2006,12648.9
D11,Slovakia,2007,15468.9
D11,Slovakia,2008,17979.8
D11,Slovakia,2009,18616.3
D11,Slovakia,2010,19228.4
D11,Slovakia,2011,20238.0
D11,Slovakia,2012,20841.1
D11,Slovakia,2013,21122.5
D11,Slovakia,2014,21893.1
D11,Slovakia,2015,23152.2
D11,Slovakia,2016,24485.1
D11,Slovakia,2017,26285.3
D11,Slovakia,2018,28486.1
D11,Slovakia,2019,30492.1
D11,Slovakia,2020,31060.8
D11,Slovakia,2021,32777.2
D11,Slovakia,2022,35368.8
D11,Slovakia,2023,38921.4
D11,Slovakia,2024,41244.9
D11,Türkiye,1998,57240.6
D11,Türkiye,1999,58492.1
D11,Türkiye,2000,70304.3
D11,Türkiye,2001,49140.5
D11,Türkiye,2002,55464.4
D11,Türkiye,2003,61938.3
D11,Türkiye,2004,72275.8
D11,Türkiye,2005,89562.0
D11,Türkiye,2006,96778.6
D11,Türkiye,2007,112925.8
D11,Türkiye,2008,119915.6
D11,Türkiye,2009,110374.9
D11,Türkiye,2010,138111.4
D11,Türkiye,2011,139335.8
D11,Türkiye,2012,166125.3
D11,Türkiye,2013,175013.8
D11,Türkiye,2014,177963.4
D11,Türkiye,2015,196729.3
D11,Türkiye,2016,215600.1
D11,Türkiye,2017,196673.7
D11,Türkiye,2018,167066.7
D11,Türkiye,2019,179997.0
D11,Türkiye,2020,153587.2
D11,Türkiye,2021,157768.3
D11,Türkiye,2022,176074.9
D11,Türkiye,2023,258226.7
D11,Türkiye,2024,354422.0
D11,Ukraine,2021,57082.4
D11,United Kingdom,1998,593929.9
D11,United Kingdom,1999,658523.8
D11,United Kingdom,2000,760095.5
D11,United Kingdom,2001,789861.2
D11,United Kingdom,2002,802592.1
D11,United Kingdom,2003,761178.6
D11,United Kingdom,2004,822407.4
D11,United Kingdom,2005,852072.2
D11,United Kingdom,2006,906174.0
D11,United Kingdom,2007,957703.8
D11,United Kingdom,2008,840331.3
D11,United Kingdom,2009,739232.7
D11,United Kingdom,2010,777333.8
D11,United Kingdom,2011,786554.6
D11,United Kingdom,2012,850275.6
D11,United Kingdom,2013,849766.9
D11,United Kingdom,2014,929841.7
D11,United Kingdom,2015,1067014.8
D11,United Kingdom,2016,978679.2
D11,United Kingdom,2017,947328.0
D11,United Kingdom,2018,979948.2
D11,United Kingdom,2019,1024156.7
D11,Kosovo*,2008,
D11,Kosovo*,2009,
D11,Kosovo*,2010,
D11,Kosovo*,2011,
D11,Kosovo*,2012,
D11,Kosovo*,2013,
D11,Kosovo*,2014,
D11,Kosovo*,2015,
D11,Kosovo*,2016,
D11,Kosovo*,2017,
D11,Kosovo*,2018,
D11,Kosovo*,2019,
D11,Kosovo*,2020,
D11,Kosovo*,2021,1995.7
D11,Kosovo*,2022,2191.5
D11,Kosovo*,2023,2600.5
